{
  "dataset": "DARPA",
  "dataset_extension": ".csv",
  "model_name": "GAE",
  "GPU": 3,
  "seed": 42,

  "save_files": 0,

  "perc_train": 0.6,
  "perc_val": 0.2,

  "training": 0,
  "validation": 0,
  "update_hst": 1,

  "phi": "mean",
  "random_start": 1,

  "in_channels": 32,
  "hidden_channels": 16,
  "out_channels": 8,
  "num_layers": 5,
  "epochs": 10000,
  "learning_rate": 0.001,
  "patience": 1000,

  "plot_title": "plot_loss/plot_loss_GAE_DARPA",
  "model_save_path": "checkpoints/model_GAE_DARPA",
  
  "n_trees": 8,
  "height": 6,
  "window_size": 4096,
  "thresholds": "0.6177868247032166, 0.5741627514362335, 0.612136721611023, 0.6208085417747498, 0.5476434826850891, 0.5857623517513275, 0.6758920252323151, 0.72697314620018, 0.5560095906257629",
  "weights": "1.0,0.0,0.0",
  "window_already_seen": 64
}
