{
  "dataset": "CTU-13-Scenario-1",
  "dataset_extension": ".csv",
  "model_name": "GAE",
  "GPU": 3,
  "seed": 42,

  "save_files": 0,

  "perc_train": 0.6,
  "perc_val": 0.2,

  "training": 0,
  "validation": 0,
  "update_hst": 0,

  "phi": "mean",
  "random_start": 0,
  
  "in_channels": 32,
  "hidden_channels": 16,
  "out_channels": 8,
  "num_layers": 3,
  "epochs": 1000,
  "learning_rate": 0.001,
  "patience": 500,

  "plot_title": "plot_loss/plot_loss_GAE_CTU-13-Scenario-1",
  "model_save_path": "checkpoints/model_GAE_CTU-13-Scenario-1",

  "n_trees": 8,
  "height": 6,
  "window_size": 64,
  "thresholds": "0.8284018039703369, 0.8454724252223969, 0.9332554042339325, 0.9121862649917603, 0.8492556512355804, 0.8603284955024719, 0.9128322005271912, 0.8675566017627716, 0.8606360852718353",
  "weights": "1.0,0.0,0.0",
  "window_already_seen": 4
}
