{
  "dataset": "CTU-13-Scenario-1",
  "dataset_extension": ".csv",
  "model_name": "GAE",
  "GPU": 3,
  "seed": 42,

  "save_files": 0,

  "perc_train": 0.6,
  "perc_val": 0.2,

  "training": 0,
  "validation": 0,
  "update_hst": 1,

  "phi": "mean",
  "random_start": 0,

  "in_channels": 32,
  "hidden_channels": 16,
  "out_channels": 8,
  "num_layers": 3,
  "epochs": 10000,
  "learning_rate": 0.001,
  "patience": 1000,

  "plot_title": "plot_loss/plot_loss_GAE_CTU-13-Scenario-1",
  "model_save_path": "checkpoints/model_GAE_CTU-13-Scenario-1",

  "n_trees": 8,
  "height": 6,
  "window_size": 2048,
  "thresholds": "0.7165210247039795, 0.5979993939399719, 0.8043924272060394, 0.4963749051094055, 0.6909862160682678, 0.7099691033363342, 0.8203884363174438, 0.7089185118675232, 0.7480454444885254",
  "weights": "1.0,0.0,0.0",
  "window_already_seen": 64
}
