{
  "dataset": "DARPA",
  "dataset_extension": ".csv",
  "model_name": "GAE",
  "GPU": 3,
  "seed": 42,

  "save_files": 0,

  "perc_train": 0.6,
  "perc_val": 0.2,

  "training": 0,
  "validation": 0,
  "update_hst": 0,

  "phi": "mean",
  "random_start": 0,

  "in_channels": 32,
  "hidden_channels": 16,
  "out_channels": 8,
  "num_layers": 5,
  "epochs": 10000,
  "learning_rate": 0.001,
  "patience": 1000,

  "plot_title": "plot_loss/plot_loss_GAE_DARPA",
  "model_save_path": "checkpoints/model_GAE_DARPA",
  
  "n_trees": 8,
  "height": 3,
  "window_size": 1024,
  "thresholds": "0.4323079437017441, 0.33417968451976776, 0.22246094048023224, 0.28999023139476776, 0.46057942509651184, 0.3564290255308151, 0.29082031548023224, 0.3003906309604645, 0.28894856572151184",
  "weights": "1.0,0.0,0.0",
  "window_already_seen": 64
}
