{
  "dataset": "ISCX",
  "dataset_extension": ".csv",
  "model_name": "GAE",
  "GPU": 3,
  "seed": 42,

  "save_files": 0,

  "perc_train": 0.6,
  "perc_val": 0.2,

  "training": 0,
  "validation": 0,
  "update_hst": 1,

  "phi": "minus",
  "random_start": 0,
  
  "in_channels": 32,
  "hidden_channels": 16,
  "out_channels": 4,
  "num_layers": 4,
  "epochs": 10000,
  "learning_rate": 0.001,
  "patience": 500,

  "plot_title": "plot_loss/plot_loss_GAE_ISCX",
  "model_save_path": "checkpoints/model_GAE_ISCX_update",

  "n_trees": 8,
  "height": 6,
  "window_size": 512,
  "thresholds": "0.9089009463787079, 0.9441110193729401, 0.9779370129108429, 0.9625445902347565, 0.9454547464847565, 0.9467062056064606, 0.9409045279026031, 0.9281246066093445, 0.946973443031311",
  "weights": "1.0,0.0,0.0",
  "window_already_seen": 8

}
