{
  "dataset": "UNSW-NB15",
  "dataset_extension": ".csv",
  "model_name": "GAE",
  "GPU": 3,
  "seed": 42,

  "save_files": 0,

  "perc_train": 0.6,
  "perc_val": 0.2,

  "training": 0,
  "validation": 0,
  "update_hst": 1,

  "phi": "mean",
  "random_start": 0,

  "in_channels": 32,
  "hidden_channels": 16,
  "out_channels": 16,
  "num_layers": 5,
  "epochs": 5000,
  "learning_rate": 0.001,
  "patience": 300,

  "plot_title": "plot_loss/plot_loss_GAE_UNSW-NB15",
  "model_save_path": "checkpoints/model_GAE_UNSW-NB15",

  "n_trees": 32,
  "height": 6,
  "window_size": 512,
  "thresholds": "0.7039381563663483, 0.6627524197101593, 0.7042745649814606, 0.6786037683486938, 0.6640634536743164, 0.6642249226570129, 0.7009104192256927, 0.6994888484477997, 0.6772922277450562",
  "weights": "1.0,0.0,0.0",
  "window_already_seen": 64

}
