{
  "dataset": "IDS2018",
  "dataset_extension": ".csv",
  "model_name": "GAE",
  "GPU": 3,
  "seed": 42,

  "save_files": 0,

  "perc_train": 0.6,
  "perc_val": 0.2,

  "training": 0,
  "validation": 0,
  "update_hst": 1,

  "phi": "mean",
  "random_start": 1,

  "in_channels": 32,
  "hidden_channels": 16,
  "out_channels": 4,
  "num_layers": 4,
  "epochs": 10000,
  "learning_rate": 0.001,
  "patience": 300,

  "plot_title": "plot_loss/plot_loss_GAE_IDS2018",
  "model_save_path": "checkpoints/model_GAE_IDS2018",

  "n_trees": 16,
  "height": 3,
  "window_size": 512,
  "thresholds": "0.6774251461029053, 0.6925862729549408, 0.7369221746921539, 0.7254394590854645, 0.8393473327159882, 0.6951253116130829, 0.793261706829071, 0.7831949889659882, 0.7640706598758698",
  "weights": "1.0,0.0,0.0",
  "window_already_seen": 32

}
