{
  "dataset": "CTU-13-Scenario-13",
  "dataset_extension": ".csv",
  "model_name": "GAE",
  "GPU": 3,
  "seed": 42,

  "save_files": 0,

  "perc_train": 0.6,
  "perc_val": 0.2,

  "training": 0,
  "validation": 0,
  "update_hst": 0,

  "phi": "minus",
  "random_start": 1,

  "in_channels": 64,
  "hidden_channels": 16,
  "out_channels": 8,
  "num_layers": 6,
  "epochs": 5000,
  "learning_rate": 0.001,
  "patience": 500,

  "plot_title": "plot_loss/plot_loss_GAE_CTU-13-Scenario-13",
  "model_save_path": "checkpoints/model_GAE_CTU-13-Scenario-13",

  "n_trees": 64,
  "height": 3,
  "window_size": 4096,
  "thresholds": "0.7003219723701477, 0.7135991156101227, 0.7155888974666595, 0.7400233149528503, 0.7329040467739105, 0.7247288823127747, 0.724865734577179, 0.6999074220657349, 0.7239003479480743",
  "weights": "1.0,0.0,0.0",
  "window_already_seen": 64
}
