{
  "dataset": "CTU-13-Scenario-13",
  "dataset_extension": ".csv",
  "model_name": "GAE",
  "GPU": 3,
  "seed": 42,

  "save_files": 0,

  "perc_train": 0.6,
  "perc_val": 0.2,

  "training": 0,
  "validation": 0,
  "update_hst": 1,

  "phi": "minus",
  "random_start": 1,
  
  "in_channels": 64,
  "hidden_channels": 16,
  "out_channels": 8,
  "num_layers": 6,
  "epochs": 5000,
  "learning_rate": 0.001,
  "patience": 500,

  "plot_title": "plot_loss/plot_loss_GAE_CTU-13-Scenario-13",
  "model_save_path": "checkpoints/model_GAE_CTU-13-Scenario-13",

  "n_trees": 8,
  "height": 12,
  "window_size": 4096,
  "thresholds": "0.9684508442878723, 0.9774768948554993, 0.9778414964675903, 0.9883756339550018, 0.9764364361763, 0.9748983383178711, 0.986841082572937, 0.9829868674278259, 0.978140264749527",
  "weights": "1.0,0.0,0.0",
  "window_already_seen": 8
}
