{
  "dataset": "CTU-13-Scenario-10",
  "dataset_extension": ".csv",
  "model_name": "GAE",
  "GPU": 3,
  "seed": 42,

  "save_files": 0,

  "perc_train": 0.6,
  "perc_val": 0.2,

  "training": 0,
  "validation": 0,
  "update_hst": 0,

  "phi": "minus",
  "random_start": 0,

  "in_channels": 32,
  "hidden_channels": 16,
  "out_channels": 8,
  "num_layers": 6,
  "epochs": 10000,
  "learning_rate": 0.001,
  "patience": 1000,

  "plot_title": "plot_loss/plot_loss_GAE_CTU-13-Scenario-10",
  "model_save_path": "checkpoints/model_GAE_CTU-13-Scenario-10",

  "n_trees": 32,
  "height": 6,
  "window_size": 512,
  "thresholds": "0.8191215991973877, 0.8366862535476685, 0.8471496999263763, 0.829282283782959, 0.7875659465789795, 0.8085149526596069, 0.8608177304267883, 0.8128344714641571, 0.8153893053531647",
  "weights": "1.0,0.0,0.0",
  "window_already_seen": 64
}
