{
  "dataset": "UNSW-NB15",
  "dataset_extension": ".csv",
  "model_name": "GAE",
  "GPU": 3,
  "seed": 42,

  "save_files": 0,

  "perc_train": 0.6,
  "perc_val": 0.2,

  "training": 0,
  "validation": 0,
  "update_hst": 0,

  "phi": "minus",
  "random_start": 0,

  "in_channels": 32,
  "hidden_channels": 16,
  "out_channels": 16,
  "num_layers": 5,
  "epochs": 10000,
  "learning_rate": 0.001,
  "patience": 1000,

  "plot_title": "plot_loss/plot_loss_GAE_UNSW-NB15",
  "model_save_path": "checkpoints/model_GAE_UNSW-NB15",

  "n_trees": 8,
  "height": 12,
  "window_size": 8,
  "thresholds": "0.9326661825180054, 0.950112909078598, 0.9930793046951294, 0.9739882051944733, 0.9316704273223877, 0.939773827791214, 0.8992835283279419, 0.9532261192798615, 0.8761979639530182",
  "weights": "1.0,0.0,0.0",
  "window_already_seen": 64

}
