{
  "dataset": "CTU-13-Scenario-13",
  "dataset_extension": ".csv",
  "model_name": "GAE",
  "GPU": 3,
  "seed": 42,

  "save_files": 0,

  "perc_train": 0.6,
  "perc_val": 0.2,

  "training": 0,
  "validation": 0,
  "update_hst": 1,

  "phi": "minus",
  "random_start": 1,

  "in_channels": 64,
  "hidden_channels": 16,
  "out_channels": 8,
  "num_layers": 6,
  "epochs": 10000,
  "learning_rate": 0.001,
  "patience": 1000,

  "plot_title": "plot_loss/plot_loss_GAE_CTU-13-Scenario-13",
  "model_save_path": "checkpoints/model_GAE_CTU-13-Scenario-13",

  "n_trees": 8,
  "height": 12,
  "window_size": 4096,
  "thresholds": "0.9643093347549438, 0.9779924750328064, 0.9768505096435547, 0.9879895448684692, 0.9772109687328339, 0.9782350957393646, 0.9864754974842072, 0.9866217076778412, 0.9853233993053436",
  "weights": "1.0,0.0,0.0",
  "window_already_seen": 8
}
