{
  "dataset": "CTU-13-Scenario-1",
  "dataset_extension": ".csv",
  "model_name": "GAE",
  "GPU": 3,
  "seed": 42,

  "save_files": 0,

  "perc_train": 0.6,
  "perc_val": 0.2,

  "training": 0,
  "validation": 0,
  "update_hst": 1,

  "phi": "mean",
  "random_start": 0,

  "in_channels": 32,
  "hidden_channels": 16,
  "out_channels": 8,
  "num_layers": 3,
  "epochs": 1000,
  "learning_rate": 0.001,
  "patience": 50,

  "plot_title": "plot_loss/plot_loss_GAE_CTU-13-Scenario-1",
  "model_save_path": "checkpoints/model_GAE_CTU-13-Scenario-1",

  "n_trees": 8,
  "height": 6,
  "window_size": 2048,
  "thresholds": "0.7526216506958008, 0.7139623463153839, 0.8142181038856506, 0.7816820442676544, 0.7325987219810486, 0.7721129953861237, 0.8148899674415588, 0.7480190098285675, 0.7567124366760254",
  "weights": "1.0,0.0,0.0",
  "window_already_seen": 32
}
