{
  "dataset": "CTU-13-Scenario-10",
  "dataset_extension": ".csv",
  "model_name": "GAE",
  "GPU": 3,
  "seed": 42,

  "save_files": 0,

  "perc_train": 0.6,
  "perc_val": 0.2,

  "training": 0,
  "validation": 0,
  "update_hst": 1,

  "phi": "minus",
  "random_start": 0,

  "in_channels": 32,
  "hidden_channels": 16,
  "out_channels": 8,
  "num_layers": 6,
  "epochs": 10000,
  "learning_rate": 0.001,
  "patience": 1000,

  "plot_title": "plot_loss/plot_loss_GAE_CTU-13-Scenario-10",
  "model_save_path": "checkpoints/model_GAE_CTU-13-Scenario-10",

  "n_trees": 8,
  "height": 15,
  "window_size": 8192,
  "thresholds": "0.9882755279541016, 0.9853971600532532, 0.9874340295791626, 0.9855904877185822, 0.9886554181575775, 0.9857199192047119, 0.9787785410881042, 0.988871693611145, 0.9886937141418457",
  "weights": "1.0,0.0,0.0",
  "window_already_seen": 32
}
